{"cameraMode":{"drawMode":0,"name":"Shaded","section":"Shading Mode"},"sceneLighting":true,"audioPlay":false,"sceneViewState":{"m_AlwaysRefresh":false,"showFog":true,"showSkybox":true,"showFlares":true,"showImageEffects":true,"showParticleSystems":true,"showVisualEffectGraphs":true,"m_FxEnabled":true},"in2DMode":false,"pivot":{"x":2.546128988265991,"y":-49.36044692993164,"z":18.109264373779298},"rotation":{"x":0.6580927968025208,"y":0.0018100462621077896,"z":-0.0001425402588211,"w":0.7525845170021057},"size":35.350093841552737,"orthographic":false}